"pedro  ii" ,"vieira  souto"
"vieira  souto" ,"francisco  eduardo  de  paula  machado"
"vieira  de  mello" ,"vieira  souto"
"vieira  souto" ,"rui  barbosa"
"paulo  cabral" ,"vieira  souto"
"vieira  souto" ,"pedro  ernesto"
"vieira  souto" ,"borges  de  medeiros"
"vieira  souto" ,"haroldo  valadao"
"carlos  chagas" ,"vieira  souto"
"emilio  garrastazu  medici" ,"costa  e  silva"
"rodrigo  otávio" ,"arnaldo  sussekind"
"condessa  pereira  carneiro" ,"pereira  carneiro"
"pires  do  rio" ,"sapena  pastor" ,"almeida  santos" ,"arnaldo  carrilho" ,"augusto  pinochet" ,"bittencourt  de  sá" ,"josé  guilherme  merquior" ,"yolanda  prada" ,"carlos  garcia" ,"papa  paulo  vi"
"jorge  de  carvalho  e  silva" ,"carvalho  pinto"
"eurico  " ,"eurico  penteado"
"macedo  soares" ,"mar  territorial" ,"marcelo  caetano" ,"paulo  nogueira  batista" ,"roberto  campos" ,"albuquerque  lima" ,"bilac  pinto" ,"celso  lafer" ,"costa  e  silva" ,"joão  goulart" ,"janio  quadros"
"eurico  " ,"fernando  costa" ,"francisco  campos" ,"getulio  vargas" ,"gustavo  capanema" ,"mendonça  lima" ,"waldemar  falcão"
"rui  barbosa" ,"barão  do  rio  branco"
"adalberto  pereira  dos  santos" ,"alberto  pereira  dos  santos"
"geraldo  azevedo  henning" ,"mar  territorial"
"mar  territorial" ,"mário  soares" ,"nicolae  ceausescu" ,"omar  al-sakkaf" ,"papa  paulo  vi" ,"adalberto  pereira  dos  santos" ,"alberto  pereira  dos  santos" ,"alysson  paulinelli" ,"america  do  norte" ,"arnaldo  prieto" ,"augusto  pinochet" ,"saraiva  guerreiro" ,"shigeaki  ueki" ,"valery  giscard  d'estaing" ,"william  rogers" ,"jimmy  carter" ,"joão  paulo  dos  reis  velloso" ,"euclides  quandt" ,"euro  brandão" ,"cyrus  vance" ,"celio  borja" ,"sapena  pastor"
"principe  charles" ,"ramalho  eanes" ,"simon  bolivar" ,"valery  giscard  d'estaing" ,"william  rogers" ,"mário  soares" ,"omar  al-sakkaf" ,"andres  peres"
"andres  peres" ,"omar  al-sakkaf" ,"simon  bolivar" ,"william  rogers"
"simon  bolivar" ,"valery  giscard  d'estaing" ,"papa  paulo  vi" ,"principe  charles" ,"ramalho  eanes" ,"adalberto  pereira  dos  santos" ,"alberto  pereira  dos  santos" ,"aparício  mendez" ,"arnaldo  prieto" ,"jimmy  carter" ,"josé  sette  câmara" ,"francisco  adolfo  de  varnhagen"
"oscar  niemeyer" ,"arnaldo  carrilho"
"paulo  cabral" ,"castro  neves"
"castro  alves" ,"dario  castro  alves"
"roberto  campos" ,"atos  pereira"
"antônio  alves" ,"castro  alves"
"carlos  chagas" ,"castro  alves" ,"alfredo  buzaid"
"ayrton  diniz" ,"bastos" ,"caio  tácito" ,"saraiva  guerreiro" ,"eurico  " ,"pontes  de  miranda" ,"ramiro  elysio  saraiva  guerreiro" ,"macedo  soares" ,"marcílio  marques  moreira" ,"nascimento  brito" ,"joão  paulo  dos  reis  velloso"
"castro  alves" ,"macedo  soares" ,"miguel  couto"
"helio  scarabotolo" ,"carlos  duarte"
"antonio  houaiss" ,"getulio  vargas"
"flavio  lacerda" ,"cordeiro  de  farias" ,"costa  e  silva" ,"daniel  faraco" ,"mauro  thibau" ,"milton  soares" ,"alberto  de  oliveira" ,"juarez  távora" ,"pedroso  horta"
"costa  e  silva" ,"alberto  da  costa  e  silva"
"almeida  santos" ,"bastos" ,"paulo  nogueira  batista" ,"prisco  paraiso" ,"rubens  ricupero" ,"eduardo  paes" ,"eurico  " ,"fonseca  costa" ,"castro  neves" ,"dias  costa" ,"macedo  soares" ,"paes  barreto" ,"josé  maria  de  carvalho"
"jarbas  vasconcelos" ,"josé  maurício" ,"joão  cunha" ,"joão  pedro" ,"laerte  vieira" ,"leônidas  sampaio" ,"paulo  ferraz" ,"pinheiro  machado" ,"siqueira  campos" ,"tarcisio  delgado" ,"vasconcelos  torres" ,"adalberto  sena" ,"airton  sandoval" ,"alberto  de  oliveira" ,"alvaro  dias" ,"aécio  cunha" ,"bastos" ,"marcondes  gadelha" ,"marcos  freire" ,"mauro  benevides" ,"moacyr  dalla" ,"murilo  badaro" ,"nelson  carneiro" ,"orestes  quercia" ,"dirceu  cardoso" ,"ernesto  valente" ,"fernando  coelho" ,"geraldo  freire" ,"gerson  camata" ,"henrique  de  la  rocque" ,"homero  santos" ,"humberto  lucena" ,"humberto  souto" ,"cunha  bueno" ,"danton  jobim"
"pires  do  rio" ,"eduardo  moreira"
"castro  alves" ,"dario  castro  alves"
"carlos  luz" ,"sebastião  do  rego  barros" ,"renato  prado  guimarães" ,"arnaldo  carrilho"
"pires  do  rio" ,"saraiva  guerreiro" ,"maurício  rangel  reis"
"saraiva  guerreiro" ,"italo  zappa"
"saraiva  guerreiro" ,"italo  zappa" ,"carvalho  pinto" ,"castro  alves" ,"darcy  lazaro" ,"joão  clemente  baena  soares" ,"elmo  serejo" ,"floriano  peixoto" ,"araken  de  oliveira" ,"armando  falcão" ,"paulo  tarso  flecha  de  lima"
"floriano  peixoto" ,"floriano  peixoto  faria  lima"
"floriano  peixoto" ,"floriano  peixoto  faria  lima" ,"araken  de  oliveira"
"floriano  peixoto" ,"floriano  peixoto  faria  lima"
"flávio  marcílio" ,"saraiva  guerreiro" ,"severo  gomes" ,"castro  alves" ,"dario  castro  alves" ,"ramiro  elysio  saraiva  guerreiro"
"saraiva  guerreiro" ,"igor  torres  carrilho" ,"elmo  serejo" ,"carlos  de  meira  mattos" ,"darcy  lazaro"
"josé  carlos  moreira" ,"joão  clemente  baena  soares" ,"paulo  cabral"
"carlos  de  meira  mattos" ,"saraiva  guerreiro" ,"igor  torres  carrilho"
"igor  torres  carrilho" ,"castro  alves" ,"elmo  serejo"
"eliane  gurgel  valente" ,"elmo  serejo" ,"ivan  cannabrava" ,"juracy  magalhães" ,"paulo  cabral" ,"castro  alves" ,"saraiva  guerreiro" ,"shigeaki  ueki"
"shigeaki  ueki" ,"italo  zappa" ,"joão  clemente  baena  soares"
"paulo  cabral" ,"armando  falcão"
"saraiva  guerreiro" ,"italo  zappa" ,"ramiro  elysio  saraiva  guerreiro"
"shigeaki  ueki" ,"jorge  de  carvalho  e  silva"
"rubens  barbosa" ,"italo  zappa" ,"carlos  duarte" ,"castro  alves" ,"luiz  felipe  lampreia"
"angelo  mendes  de  morais" ,"floriano  peixoto" ,"floriano  peixoto  faria  lima"
"gonçalves  de  oliveira  " ,"luiz  gonzaga  do  nascimento  e  silva"
"francisco  campos" ,"aureliano  chaves"
"bastos" ,"bento  de  faria" ,"ivano  gomes" ,"juarez  távora" ,"coelho  branco"
"floriano  peixoto" ,"floriano  peixoto  faria  lima"
"marco  maciel" ,"lauro  muller" ,"pires  do  rio" ,"thompson  flores"
"paulo  tarso  flecha  de  lima" ,"renato  prado  guimarães" ,"nilo  pecanha"
"marco  maciel" ,"estelita  lins" ,"eurico  " ,"fernando  reis" ,"humberto  barreto" ,"arnaldo  nogueira" ,"carlos  augusto" ,"carlos  chagas" ,"carlos  ribeiro" ,"castro  alves" ,"celso  amorim" ,"danilo  venturini" ,"dario  castro  alves" ,"renato  prado  guimarães" ,"ronaldo  sardenberg" ,"rubens  ricupero" ,"saldanha  derzi" ,"thompson  flores" ,"virgílio  távora" ,"wladimir  murtinho" ,"joaquim  vespasiano  ramos" ,"joão  clemente  baena  soares"
"floriano  peixoto" ,"floriano  peixoto  faria  lima"
"armando  falcão" ,"bastos"
"luiz  viana" ,"luiz  viana  filho"
"lucy  geisel" ,"castro  alves"
"nelson  carneiro" ,"virgílio  távora"
"saraiva  guerreiro" ,"carlos  augusto" ,"lucy  geisel" ,"pires  do  rio"
"paulo  lyra" ,"ramiro  elysio  saraiva  guerreiro" ,"saraiva  guerreiro" ,"eurico  " ,"geraldo  azevedo  henning" ,"bastos"
"saraiva  guerreiro" ,"carlos  ribeiro" ,"castro  alves" ,"elmo  serejo"
"aureliano  chaves" ,"castro  alves"
"ademar  de  barros" ,"josé  maria  marin"
"hugo  abreu" ,"alencar  furtado"
"parsifal  barroso" ,"celso  furtado" ,"celio  borja"
"carlos  chagas" ,"castro  e  silva" ,"cordeiro  de  farias" ,"cordeiro  guerra" ,"costa  e  silva" ,"cyrus  vance" ,"jarbas  passarinho" ,"jimmy  carter" ,"jorge  wilheim" ,"joao  linhares" ,"joao  satte" ,"laudo  natel  " ,"paulo  pimentel" ,"paulo  vieira  belotti" ,"rafael  caldera" ,"siqueira  campos" ,"teotonio  vilela" ,"ulysses  guimarães" ,"milton  campos" ,"orlando  geisel" ,"diario  de  noticias" ,"eurico  " ,"francelino  pereira" ,"gilberto  freyre" ,"herbert  levy" ,"alencar  furtado" ,"araken  de  oliveira" ,"armando  falcão" ,"augusto  fragoso" ,"barreto  leite" ,"barreto  leite  filho" ,"bastos" ,"bilac  pinto"
"abreu  lima" ,"andrade  pinto" ,"bastos" ,"carlos  augusto" ,"ramos  de  azevedo" ,"roberto  augusto" ,"carneiro  ribeiro" ,"josé  pinto" ,"fernando  belfort  bethlem" ,"teixeira  pinto" ,"nelson  teixeira" ,"oliveira  reis"
"oliveira  reis" ,"abreu  lima" ,"andrade  pinto" ,"bastos" ,"carlos  augusto" ,"ramos  de  azevedo" ,"roberto  augusto" ,"teixeira  pinto" ,"josé  magalhães" ,"fernando  belfort  bethlem"
"eduardo  moreira" ,"eduardo  paes" ,"elmo  serejo" ,"euclides  quandt" ,"carlos  de  meira  mattos" ,"carlos  gomes" ,"mendonça  lima" ,"moreira  lima" ,"oliveira  lima" ,"josé  carlos  moreira" ,"josé  magalhães" ,"saraiva  guerreiro"
"duque  de  caxias" ,"euler  bentes" ,"euler  bentes  monteiro"
"antonio  neder" ,"joão  paulo  dos  reis  velloso" ,"roberto  campos" ,"mario  garnero"
"shigeaki  ueki" ,"costa  cavalcanti" ,"alysson  paulinelli" ,"arnon  de  mello" ,"joão  paulo  dos  reis  velloso" ,"juracy  magalhães"
"jarbas  passarinho" ,"joão  paulo  dos  reis  velloso" ,"enrique  iglesias" ,"maurício  rangel  reis" ,"alfredo  santos" ,"pedro  calmon" ,"prado  kelly" ,"rui  carneiro" ,"castro  alves" ,"dinarte  mariz"
"carlos  galvao" ,"dinarte  mariz" ,"geraldo  azevedo  henning" ,"siqueira  campos" ,"joao  havelange" ,"lucy  geisel" ,"macedo  soares" ,"mario  garnero" ,"alberto  raposo  lopes"
"castro  alves" ,"costa  cavalcanti" ,"elmo  serejo" ,"euclides  quandt" ,"fernando  abott" ,"nehemias  gueiros" ,"papa  paulo  vi"
"moreira  lima" ,"costa  cavalcanti" ,"alexandra  de  kent" ,"camilo  calazans" ,"princesa  alexandra" ,"joão  costa"
"lauro  escorel" ,"saraiva  guerreiro" ,"severo  gomes" ,"michael  ramsey" ,"paulo  guerra" ,"ramiro  elysio  saraiva  guerreiro" ,"roberto  campos" ,"hamilton  xavier" ,"alysson  paulinelli" ,"antonio  gallotti"
"angelo  calmon  de  sá" ,"araken  de  oliveira" ,"lauro  escorel" ,"flexa  ribeiro" ,"oscar  niemeyer" ,"paulo  nogueira  batista" ,"paulo  torres" ,"roberto  kelly" ,"sapena  pastor"
"paulo  vieira  belotti" ,"alvaro  valle" ,"elmo  serejo"
"dinarte  mariz" ,"arnaldo  nogueira"
"costa  cavalcanti" ,"lauro  escorel" ,"lourival  batista"
"arnaldo  barbalho" ,"thompson  flores"
"severo  gomes" ,"william  rogers" ,"italo  zappa" ,"joão  paulo  dos  reis  velloso" ,"julio  barata" ,"elmo  serejo" ,"getúlio  dias" ,"alexandre  kafka" ,"arnon  de  mello" ,"celio  borja" ,"daniel  krieger" ,"marcondes  gadelha" ,"mauricio  schulman"
"mem  de  sá" ,"mario  garnero" ,"jacy  magalhães" ,"costa  cavalcanti" ,"evaldo  lodi" ,"flávio  marcílio" ,"alysson  paulinelli"
"nicolae  ceausescu" ,"papa  paulo  vi" ,"joão  paulo  dos  reis  velloso" ,"costa  cavalcanti"
"saraiva  guerreiro" ,"severo  gomes" ,"william  spencer" ,"ramiro  elysio  saraiva  guerreiro"
"amaral  neto" ,"angel  federico  robledo" ,"carlos  santana" ,"costa  cavalcanti" ,"eurico  "
"flávio  brito" ,"paulo  carneiro" ,"dias  costa" ,"josé  sette  câmara" ,"lucilo  haddock  lobo"
"lucy  geisel" ,"euclides  quandt" ,"benjamin  farah" ,"danton  jobim" ,"michel  legrand"
"eurico  " ,"carlos  magalhães" ,"ali  kaiser  hasan  morshed" ,"armando  falcão" ,"augusto  fragoso"
"mário  soares" ,"juan  carlos  blanco" ,"delfim  neto" ,"santos  dumont" ,"egon  forgacs" ,"gerhard  wolter"
"gilberto  freyre" ,"humberto  bastos" ,"marco  maciel" ,"bastos" ,"costa  e  silva"
"costa  cavalcanti" ,"ney  lopes" ,"geraldo  costa" ,"hugo  napoleão" ,"benjamin  farah" ,"rigoberto  cartagena" ,"roberto  campos"
"rigoberto  cartagena" ,"roberto  carlos" ,"ronald  de  carvalho" ,"dirceu  cardoso"
"olagid  alo" ,"sérgio  armando  frazão" ,"daniel  krieger"
"carlos  santana" ,"delfim  neto" ,"papa  paulo  vi" ,"parsifal  barroso" ,"santos  dumont" ,"arnaldo  nogueira"
"alcântara  machado" ,"alexandre  kafka" ,"arnon  de  mello" ,"caio  de  alcântara  machado"
"paulo  carneiro" ,"lauro  escorel"
"joao  havelange" ,"augusto  fragoso"
"costa  cavalcanti" ,"lauro  escorel" ,"paulo  carneiro" ,"oscar  niemeyer" ,"osório  de  almeida" ,"patrick  holland"
"milton  campos" ,"bilac  pinto" ,"dinarte  mariz" ,"eurico  " ,"fernando  belfort  bethlem" ,"wladimir  murtinho" ,"lucy  geisel"
"elmo  serejo" ,"bernardino  de  campos" ,"paulo  carneiro"
"rubens  porto" ,"milton  cabral" ,"armando  falcão" ,"costa  cavalcanti"
"paulo  nogueira  batista" ,"ronaldo  sardenberg" ,"geraldo  holanda  cavalcanti" ,"thompson  flores"
"alvaro  valle" ,"paulo  carneiro" ,"roberto  campos" ,"daniel  krieger" ,"jorge  de  carvalho  e  silva" ,"joão  cunha" ,"german  rodriguez  fonnegra" ,"hugo  napoleão" ,"arnon  de  mello" ,"benjamin  farah"
"paulo  da  costa  franco" ,"enrique  iglesias" ,"monteiro  de  carvalho"
"oscar  niemeyer" ,"paulo  nogueira  batista"
"rainha  elizabeth  ii" ,"antonio  morimoto" ,"arnon  de  mello" ,"costa  cavalcanti" ,"esdras  gueiros" ,"francelino  pereira" ,"josé  lopes"
"vitorino  freire" ,"rigoberto  cartagena" ,"santos  dumont" ,"marcos  coimbra" ,"carlos  dos  santos" ,"costa  cavalcanti" ,"dias  costa"
"virgílio  távora" ,"alexandre  kafka" ,"joao  linhares" ,"marco  maciel" ,"odilo  costa  filho" ,"paulo  cabral" ,"hugo  napoleão" ,"paulo  vieira  belotti"
"carlos  dos  santos" ,"costa  cavalcanti" ,"mauro  salles"
"papa  joão  paulo  i" ,"valery  giscard  d'estaing" ,"carneiro  leão" ,"leite  de  castro"
"augusto  fragoso" ,"shigeaki  ueki" ,"ernesto  silva"
"vieira  souto" ,"carlos  alberto  da  fontoura"
"arnaldo  prieto" ,"costa  cavalcanti" ,"delfim  neto" ,"eurico  " ,"flávio  marcílio"
"elmo  serejo" ,"enrique  iglesias" ,"jimmy  carter" ,"lucy  geisel" ,"nehemias  gueiros"
"saraiva  guerreiro" ,"bastos"
"donatello  grieco" ,"ramalho  eanes" ,"rubens  resstel"
"paulo  machado" ,"alvaro  valle" ,"carlos  ribeiro" ,"papa  paulo  vi"
"mario  garnero" ,"jorge  ribeiro" ,"alexandre  kafka" ,"costa  cavalcanti" ,"paulo  nogueira  batista"
"paulo  nogueira  batista" ,"jorge  de  carvalho  e  silva" ,"eurico  " ,"hernan  santa  cruz" ,"costa  cavalcanti" ,"alves  de  souza"
"arnaldo  prieto" ,"papa  joão  paulo  i" ,"vieira  souto"
"alexandre  kafka" ,"ali  kaiser  hasan  morshed" ,"angel  federico  robledo" ,"aparício  mendez" ,"rigoberto  cartagena" ,"roberto  kelly" ,"juan  carlos  blanco" ,"enrique  iglesias" ,"gerhard  wolter" ,"hernan  santa  cruz" ,"cyrus  vance"
"cyrus  vance" ,"shigeaki  ueki" ,"adalberto  pereira  dos  santos" ,"alberto  pereira  dos  santos" ,"mário  soares" ,"nicolae  ceausescu" ,"papa  paulo  vi"
"raul  fernandes" ,"sapena  pastor" ,"emilio  garrastazu  medici" ,"hermes  da  fonseca"
"eurico  " ,"virgílio  távora" ,"danton  jobim"
"duque  de  caxias" ,"barão  do  rio  branco"
"aureliano  chaves" ,"paulo  tarso  flecha  de  lima"
"princesa  alexandra" ,"rodrigues  alves" ,"carlos  galvao" ,"mário  soares" ,"omar  al-sakkaf" ,"alexandra  de  kent"
"angus  ogilvy" ,"rainha  elizabeth  ii" ,"flexa  ribeiro"
"angel  federico  robledo" ,"saraiva  guerreiro" ,"shigeaki  ueki"
"daniel  krieger" ,"milton  cabral"
"mário  soares" ,"frederick  wills" ,"juan  carlos  blanco"
"juan  carlos  blanco" ,"barão  do  rio  branco"
"alexandra  de  kent" ,"geraldo  azevedo  henning" ,"princesa  alexandra"
"jimmy  carter" ,"cyrus  vance"
"joão  paulo  dos  reis  velloso" ,"gilberto  freyre"
"francisco  rezek" ,"pedro  ii"
"saraiva  guerreiro" ,"castro  alves" ,"dario  castro  alves"
"carvalho  pinto" ,"costa  e  silva" ,"daniel  krieger" ,"rui  palmeira" ,"milton  campos" ,"eurico  " ,"gilberto  marinho" ,"arnon  de  mello"
"miguel  arraes" ,"fernando  gabeira"
"henrique  teixeira  lott" ,"carlos  figueiredo" ,"miguel  arraes" ,"josé  gomes  talarico" ,"joão  goulart" ,"juscelino  kubitschek"
"joão  pessoa" ,"julio  de  castilhos" ,"ernesto  dornelles" ,"samuel  wainer"
"salvador  allende" ,"frederick  wills" ,"miguel  arraes" ,"nelson  rockefeller" ,"winston  churchill" ,"carlos  figueiredo" ,"cristovao  colombo"
"pedro  ii" ,"robert  kennedy" ,"john  kennedy" ,"lincoln  gordon" ,"thomas  mann" ,"lyndon  johnson" ,"mauro  borges"
"severo  gomes" ,"fernando  gasparian  "
"paulo  evaristo  arns" ,"alejandro  izaguirre"
"bastos" ,"carlos  alberto  da  fontoura" ,"italívio  coelho" ,"jarbas  passarinho"
"carlos  ribeiro" ,"castro  alves" ,"candido  aragao" ,"miguel  arraes"
"hélio  ramos" ,"gomes  pereira" ,"haroldo  valadao" ,"ramos  de  azevedo" ,"darcy  ribeiro"
"daniel  krieger" ,"milton  cabral"
"cyrus  vance" ,"jimmy  carter"
"jimmy  carter" ,"janio  quadros"
"marco  maciel" ,"rodrigues  alves"
"joão  goulart" ,"getulio  vargas" ,"hélio  beltrão" ,"vicente  pereira"
"celso  furtado" ,"george  marshall" ,"getulio  vargas" ,"marcas  e  patentes"
"prudente  de  morais" ,"america  do  norte"
"america  do  norte" ,"barão  do  rio  branco" ,"mar  territorial" ,"josé  sette  câmara" ,"lauro  muller" ,"raul  fernandes" ,"eurico  " ,"foster  dulles" ,"franklin  delano  roosevelt" ,"gustavo  barroso" ,"dantas  romero" ,"dean  acheson"
"foster  dulles" ,"richard  nixon"
"hélio  beltrão" ,"joão  paulo  dos  reis  velloso" ,"costa  e  silva"
"celso  furtado" ,"afonso  pena" ,"joão  paulo  dos  reis  velloso" ,"rubens  costa" ,"rubens  vaz" ,"emilio  garrastazu  medici" ,"francisco  alves" ,"getulio  vargas"
"hermes  da  fonseca" ,"costa  cavalcanti" ,"costa  e  silva" ,"dias  leite" ,"macedo  soares" ,"manoel  gonçalves  ferreira  filho" ,"mar  territorial" ,"milton  campos" ,"mozart  gurgel  valente" ,"mario  david  andreazza" ,"pontes  de  miranda" ,"alfredo  buzaid" ,"aliomar  baleeiro" ,"antônio  dias  leite" ,"bastos" ,"bilac  pinto" ,"campos  sales" ,"hélio  beltrão" ,"josé  carlos  moreira" ,"josé  costa"
"josé  bonifácio  de  andrada  e  silva" ,"barão  do  rio  branco"
"adalberto  pereira  dos  santos" ,"alberto  pereira  dos  santos" ,"aureliano  chaves"
"luiz  viana" ,"luiz  viana  filho"
"castro  alves" ,"dario  castro  alves" ,"saraiva  guerreiro" ,"joão  clemente  baena  soares"
"joão  clemente  baena  soares" ,"castro  alves" ,"dario  castro  alves" ,"saraiva  guerreiro"
"siqueira  campos" ,"vanja  orico" ,"vieira  de  mello" ,"iracema  portella" ,"ivo  pitanguy" ,"josé  lino" ,"joão  bina  machado" ,"leda  boechat  rodrigues" ,"leda  collor  de  mello" ,"lindolfo  collor" ,"lúcia  magalhães" ,"maria  capanema" ,"mendonça  lima" ,"miranda  jordao" ,"monteiro  de  carvalho" ,"monteiro  de  castro" ,"nelson  carneiro" ,"odilo  costa  filho" ,"odilon  braga" ,"olavo  v" ,"oscar  tenorio" ,"eunice  weaver" ,"eurico  " ,"getulio  vargas" ,"gilberto  freyre" ,"gilberto  marinho" ,"gilson  amado" ,"gomes  pereira" ,"guilherme  da  silveira" ,"guilherme  figueiredo" ,"gustavo  capanema" ,"hugo  pinheiro  guimarães" ,"celso  mendonça" ,"cordeiro  de  farias" ,"celio  borja" ,"alves  de  souza" ,"arnon  de  mello" ,"bastos" ,"berta  lutz" ,"bina  machado" ,"boulitreau  fragoso" ,"pedro  aleixo" ,"pedro  ii" ,"peixoto  de  castro" ,"penha  brasil" ,"penna  botto" ,"plinio  salgado" ,"pontes  de  miranda" ,"pratini  de  moraes" ,"saldanha  derzi"
"maurício  rangel  reis" ,"mauricio  schulman"
"luiz  viana" ,"otávio  mangabeira" ,"pedro  ii"
"luiz  viana" ,"eurico  "
"prado  kelly" ,"jack  kubish"
"lucy  geisel" ,"roberto  santos" ,"shigeaki  ueki" ,"eliane  gurgel  valente" ,"celio  borja"
"saraiva  guerreiro" ,"samuel  huntington" ,"nelson  rockefeller"
"winston  churchill" ,"richard  nixon" ,"foster  dulles"
"paulo  vidal" ,"william  rogers"
"william  rogers" ,"paulo  vidal"
"roberto  campos" ,"jarbas  passarinho"
"jorge  alberto  romeiro" ,"leda  boechat  rodrigues" ,"leite  chaves" ,"leitão  de  abreu" ,"marcílio  marques  moreira" ,"carlos  gomes" ,"thompson  flores" ,"bilac  pinto" ,"francisco  rezek"
"mar  territorial" ,"walder  de  góes"
"jimmy  carter" ,"cyrus  vance"
"shigeaki  ueki" ,"william  rogers"
"cyrus  vance" ,"joão  batista  pinheiro"
"joão  paulo  dos  reis  velloso" ,"alysson  paulinelli"
"mar  territorial" ,"costa  e  silva"
"edward  kennedy" ,"lyndon  johnson" ,"jimmy  carter"
"jimmy  carter" ,"joão  goulart" ,"costa  e  silva" ,"mar  territorial"
"jimmy  carter" ,"adalberto  pereira  dos  santos" ,"alberto  pereira  dos  santos"
"andres  peres" ,"lincoln  gordon" ,"herbert  levy"
"ronald  reagan" ,"jimmy  carter" ,"adalberto  pereira  dos  santos" ,"alberto  pereira  dos  santos"
"adalberto  pereira  dos  santos" ,"alberto  pereira  dos  santos"
"mar  territorial" ,"william  rogers"
"winston  churchill" ,"oliveira  lima" ,"foster  dulles"
"lincoln  gordon" ,"cyrus  vance"
"cyrus  vance" ,"jack  kubish" ,"joseph  sisco" ,"lincoln  gordon" ,"robert  kennedy" ,"samuel  huntington"
"richard  nixon" ,"mar  territorial"
"nelson  rockefeller" ,"jimmy  carter"
"jimmy  carter" ,"cyrus  vance"
"cyrus  vance" ,"jimmy  carter"
"william  rogers" ,"america  do  norte" ,"hickenlooper"
"robert  kennedy" ,"john  kennedy"
"william  rogers" ,"cyrus  vance"
"cyrus  vance" ,"samuel  huntington"
"jimmy  carter" ,"foster  dulles"
"hickenlooper" ,"mar  territorial"
"mário  soares" ,"geraldo  holanda  cavalcanti" ,"álvaro  cunha"
"sapena  pastor" ,"carlos  garcia"
"william  rogers" ,"rafael  caldera"
"paulo  roberto  krahe" ,"paulo  cabral" ,"america  do  norte"
"saraiva  guerreiro" ,"william  rogers" ,"joão  paulo  dos  reis  velloso" ,"darcy  lazaro"
"darcy  lazaro" ,"joão  paulo  dos  reis  velloso" ,"saraiva  guerreiro" ,"william  rogers"
"sapena  pastor" ,"william  rogers"
"saraiva  guerreiro" ,"shigeaki  ueki" ,"william  rogers" ,"joão  paulo  dos  reis  velloso"
"joão  paulo  dos  reis  velloso" ,"saraiva  guerreiro" ,"william  rogers" ,"paulo  cabral" ,"paulo  tarso  flecha  de  lima"
"juan  carlos  blanco" ,"juan  maria  bordaberry" ,"william  rogers"
"william  rogers" ,"america  do  norte"
"william  rogers" ,"juan  carlos  blanco"
"sapena  pastor" ,"william  rogers"
"sapena  pastor" ,"william  rogers" ,"carlos  garcia" ,"edward  kennedy"
"cyrus  vance" ,"lincoln  gordon"
"jimmy  carter" ,"cyrus  vance" ,"dean  rusk"
"dean  rusk" ,"jimmy  carter" ,"lyndon  johnson"
"william  rogers" ,"cyrus  vance" ,"dean  rusk"
"dean  acheson" ,"adlai  stevenson"
"cyrus  vance" ,"lyndon  johnson" ,"jimmy  carter"
"jimmy  carter" ,"lincoln  gordon" ,"cyrus  vance"
"cyrus  vance" ,"jimmy  carter"
"jimmy  carter" ,"cyrus  vance"
"cyrus  vance" ,"jimmy  carter"
"jimmy  carter" ,"joão  paulo  dos  reis  velloso" ,"carlos  ribeiro" ,"alysson  paulinelli" ,"ariel  pacca  da  fonseca" ,"maurício  rangel  reis" ,"elmo  serejo" ,"euclides  quandt" ,"fernando  belfort  bethlem" ,"shigeaki  ueki"
"cyrus  vance" ,"jimmy  carter"
"jimmy  carter" ,"cyrus  vance"
"cyrus  vance" ,"jimmy  carter" ,"ronaldo  sardenberg"
"jimmy  carter" ,"cyrus  vance"
"cyrus  vance" ,"jimmy  carter" ,"lyndon  johnson"
"cyrus  vance" ,"jimmy  carter"
"mar  territorial" ,"costa  e  silva"
"cyrus  vance" ,"saraiva  guerreiro" ,"mar  territorial"
"cyrus  vance" ,"juan  maria  bordaberry" ,"edward  koch"
"elmo  serejo" ,"cyrus  vance" ,"darcy  lazaro" ,"saraiva  guerreiro" ,"thompson  flores" ,"vieira  de  mello"
"edward  kennedy" ,"lyndon  johnson" ,"jimmy  carter"
"jimmy  carter" ,"cyrus  vance"
"foster  dulles" ,"jimmy  carter"
"jimmy  carter" ,"cyrus  vance"
"jimmy  carter" ,"ramalho  eanes" ,"valery  giscard  d'estaing" ,"mário  soares"
"cyrus  vance" ,"jimmy  carter"
"jimmy  carter" ,"cyrus  vance"
"costa  cavalcanti" ,"josé  costa"
"cândido  rondon" ,"francisco  lopes"
"john  reginald  cotrim" ,"josé  costa" ,"costa  cavalcanti" ,"cássio  de  paula  freitas" ,"america  do  norte"
"paulo  de  frontin" ,"costa  cavalcanti"
"carlos  magalhães" ,"costa  cavalcanti" ,"josé  costa"
"josé  costa" ,"sapena  pastor"
"ildo  meneghetti" ,"paulo  mendes" ,"paulo  pimentel" ,"carlos  dos  santos"
"barão  do  rio  branco" ,"humberto  de  campos" ,"pinheiro  machado" ,"levi  carneiro"
"alves  de  souza" ,"oliveira  junior"
"costa  cavalcanti" ,"tarcísio  holanda"
"john  reginald  cotrim" ,"josé  costa" ,"costa  cavalcanti"
"costa  cavalcanti" ,"josé  costa"
"carlos  magalhães" ,"costa  cavalcanti"
"castro  alves" ,"dario  castro  alves"
"virgílio  távora" ,"mar  territorial"
"ivan  cannabrava" ,"john  reginald  cotrim" ,"lucy  geisel"
"ivan  cannabrava" ,"john  reginald  cotrim"
"john  reginald  cotrim" ,"saraiva  guerreiro" ,"costa  cavalcanti"
"carlos  magalhães" ,"costa  cavalcanti" ,"ivan  cannabrava" ,"john  reginald  cotrim" ,"josé  costa"
"john  reginald  cotrim" ,"josé  costa" ,"costa  cavalcanti" ,"shigeaki  ueki" ,"america  do  norte"
"ivan  cannabrava" ,"john  reginald  cotrim"
"sérgio  moreira" ,"moreira  lima"
"castro  alves" ,"rubens  ricupero"
"costa  cavalcanti" ,"josé  costa"
"mar  territorial" ,"bastos" ,"danton  jobim" ,"virgílio  távora"
"william  rogers" ,"foster  dulles"
"emilio  garrastazu  medici" ,"penna  botto"
"paulo  tarso  flecha  de  lima" ,"rodrigues  lima" ,"emilio  garrastazu  medici" ,"gomes  pereira"
"heleno  cláudio  fragoso" ,"olavo  hansen" ,"josé  da  silva" ,"joão  mendes" ,"abreu  lima"
"amyr  borges  fortes" ,"sapena  pastor" ,"josé  costa" ,"lucas  nogueira  garcez" ,"costa  cavalcanti"
"celso  kelly" ,"daniel  faraco" ,"alves  de  souza" ,"arnaldo  vasconcellos" ,"luiz  viana" ,"luiz  viana  filho" ,"maury  gurgel  valente" ,"mem  de  sá" ,"mozart  gurgel  valente"
"papa  paulo  vi" ,"chou  en  lai"
"alysson  paulinelli" ,"diario  de  noticias" ,"severo  gomes"
"gustavo  barroso" ,"pedro  ii"
"arnaldo  sussekind" ,"costa  cavalcanti" ,"sapena  pastor"
"pedro  ii" ,"rui  barbosa" ,"costa  e  silva" ,"irma  dulce"
"burle  marx" ,"carlos  de  moraes"
"luiz  rafael  mayer" ,"rafael  mayer"
"paulo  leão  de  moura" ,"amaro  lanari" ,"boaventura  farina" ,"ermelino  matarazzo" ,"fernando  reis"
"gustavo  barroso" ,"pedro  ii"
"getulio  vargas" ,"barros  barreto"
"jack  kubish" ,"paulo  cabral"
"monteiro  lobato" ,"olavo  bilac" ,"oliveira  junior" ,"santos  dumont"
"paulo  vieira  belotti" ,"dirceu  nogueira" ,"eduardo  moreira"
"celio  borja" ,"paulo  torres"
"paulo  nogueira  batista" ,"ronaldo  sardenberg" ,"saraiva  guerreiro"
"paulo  vidal" ,"mar  territorial"
"mário  soares" ,"italo  zappa"
"italo  zappa" ,"papa  paulo  vi"
"álvaro  cunha" ,"geraldo  holanda  cavalcanti" ,"pires  do  rio"
"joão  paulo  dos  reis  velloso" ,"dias  leite"
"severo  gomes" ,"araken  de  oliveira"
"alim  pedro" ,"edgar  dutra" ,"getulio  vargas"
"floriano  peixoto" ,"shigeaki  ueki" ,"italo  zappa" ,"darcy  lazaro" ,"paulo  cabral" ,"kuniyoshi  date" ,"paulo  egydio  martins" ,"paulo  leão  de  moura" ,"roberto  augusto"
"joão  goulart" ,"miguel  arraes"
"nelson  carneiro" ,"guilherme  machado" ,"hamilton  xavier" ,"ulysses  guimarães" ,"josé  costa" ,"joao  cleofas" ,"rui  carneiro" ,"saldanha  derzi"
"edward  kennedy" ,"delfim  neto" ,"marcos  freire" ,"alencar  furtado"
"costa  cavalcanti" ,"john  reginald  cotrim" ,"josé  costa"
"paulo  vidal" ,"sérgio  armando  frazão"
"francisco  negrão  de  lima" ,"moura  e  silva"
"bastos" ,"roberto  alves"
"araken  de  oliveira" ,"carlos  sant'anna"
"adroaldo  mesquita  da  costa" ,"duque  de  caxias" ,"eurico  "
"shigeaki  ueki" ,"paulo  nogueira  batista"
"milton  telles  ribeiro" ,"jacques  maritain" ,"josé  costa" ,"sapena  pastor" ,"costa  cavalcanti"
"oscar  niemeyer" ,"sapena  pastor"
"maurício  rangel  reis" ,"anastasio  somoza"
"paulo  nogueira  batista" ,"shigeaki  ueki"
"shigeaki  ueki" ,"costa  cavalcanti" ,"joão  paulo  dos  reis  velloso"
"sapena  pastor" ,"william  rogers"
"joão  paulo  dos  reis  velloso" ,"maurício  rangel  reis"
"severo  gomes" ,"juscelino  kubitschek"
"euclides  quandt" ,"alysson  paulinelli" ,"shigeaki  ueki"
"getulio  vargas" ,"lauro  escorel"
"nunyua  waiyaki  " ,"celio  borja"
"william  rogers" ,"mar  territorial"
"celso  furtado" ,"helio  jaguaribe"
"carlos  medeiros" ,"graca  aranha" ,"gustavo  afonso  capanema" ,"henrique  dodsworth" ,"nina  rodrigues" ,"teixeira  pinto" ,"prudente  de  morais" ,"roberto  ferreira" ,"rui  barbosa" ,"alberto  torres" ,"boaventura  farina" ,"carlos  alberto  torres"
"nicolae  ceausescu" ,"saraiva  guerreiro"
"saraiva  guerreiro" ,"paulo  cabral"
"haroldo  valadao" ,"roberto  lyra"
"paulo  vieira  belotti" ,"severo  gomes" ,"shigeaki  ueki"
"roberto  campos" ,"roberto  lyra"
"paulo  carneiro" ,"flexa  ribeiro"
"nilton  de  oliveira" ,"saraiva  guerreiro"
"edson  gueiros  leitão" ,"paulo  cabral"
"mar  territorial" ,"rui  barbosa"
"sapena  pastor" ,"otávio  mangabeira" ,"djalma  polli  coelho" ,"getulio  vargas"
"pedro  ii" ,"deodoro  da  fonseca" ,"macedo  soares"
"macedo  soares" ,"miguel  couto"
"paulo  nogueira  batista" ,"arnaldo  barbalho"
"macdowell  leite  de  castro" ,"mário  dias" ,"leite  de  castro" ,"edson  gueiros  leitão" ,"paulo  tarso  flecha  de  lima" ,"sebastião  do  rego  barros" ,"álvaro  da  costa  franco" ,"dias  costa"
"macedo  soares" ,"duque  de  caxias"
"costa  cavalcanti" ,"josé  costa" ,"joão  paulo  dos  reis  velloso" ,"marco  maciel" ,"milton  campos" ,"mario  david  andreazza" ,"mário  lemos" ,"orlando  geisel"
"mar  territorial" ,"miguel  reale" ,"bastos" ,"getulio  vargas" ,"prado  kelly"
"william  rogers" ,"joão  batista  pinheiro"
"carlos  sant'anna" ,"getulio  vargas" ,"paulo  tarso  flecha  de  lima"
"leonid  brejnev" ,"marco  maciel"
"maury  gurgel  valente" ,"shigeaki  ueki"
"araken  de  oliveira" ,"carlos  sant'anna"
"daniel  krieger" ,"shigeaki  ueki" ,"lucy  geisel" ,"amália  lucy  geisel"
"consuelo  de  abreu" ,"diogo  nomura"
"carlos  duarte" ,"olavo  hansen"
"america  do  norte" ,"italo  zappa" ,"paulo  vieira  belotti" ,"joão  paulo  dos  reis  velloso" ,"kuniyoshi  date" ,"leonid  brejnev" ,"eisaku  sato" ,"geraldo  holanda  cavalcanti"
"emilio  garrastazu  medici" ,"german  rodriguez  fonnegra"
"silva  ramos" ,"machado  de  assis" ,"oscar  freire" ,"roberto  lyra"
"orlando  geisel" ,"castro  alves"
"dias  leite" ,"eliezer  batista" ,"alves  de  souza" ,"antônio  dias  leite" ,"jorge  de  carvalho  e  silva" ,"joão  paulo  dos  reis  velloso"
"vladimir  herzog" ,"roberto  campos"
"raul  fernandes" ,"getulio  vargas" ,"gustavo  capanema" ,"agamenon  magalhães" ,"alfredo  buzaid" ,"america  do  norte" ,"marcial  dias  pequeno" ,"mendonça  lima"
"manoel  fiel  filho" ,"arnaldo  sussekind"
"josé  alberto" ,"joão  goulart" ,"papa  paulo  vi"
"alysson  paulinelli" ,"rainha  elizabeth  ii"
"costa  cavalcanti" ,"josé  costa"
"juan  carlos  blanco" ,"juan  maria  bordaberry"
"paulo  tarso  flecha  de  lima" ,"fonseca  costa"
"jimmy  carter" ,"daniel  krieger"
"oscar  hector  camilion" ,"janio  quadros"
"euro  brandão" ,"alberto  de  brito" ,"bastos" ,"saraiva  guerreiro"
"valery  giscard  d'estaing" ,"delfim  neto"
"saraiva  guerreiro" ,"america  do  norte"
"aristides  pereira" ,"italo  zappa"
"severo  gomes" ,"shigeaki  ueki"
"fernando  oscar  weibert" ,"marcelo  caetano"
"luiz  viana" ,"luiz  viana  filho" ,"virgílio  távora" ,"daniel  krieger" ,"jarbas  passarinho" ,"jose  mindlin" ,"saldanha  derzi"
"san  tiago  dantas" ,"janio  quadros" ,"afonso  arinos  de  melo  franco" ,"burle  marx"
"euclides  quandt" ,"humberto  mauro"
"foster  dulles" ,"jimmy  carter"
"severo  gomes" ,"shigeaki  ueki" ,"dirceu  nogueira"
"eisaku  sato" ,"leonid  brejnev" ,"paulo  vieira  belotti" ,"america  do  norte"
"miguel  colassuono" ,"paulo  tarso  flecha  de  lima" ,"álvaro  da  costa  franco"
"italo  zappa" ,"geraldo  holanda  cavalcanti" ,"joão  paulo  dos  reis  velloso" ,"kuniyoshi  date"
"saraiva  guerreiro" ,"mário  de  pimentel  brandão"
"mar  territorial" ,"saraiva  guerreiro"
"saraiva  guerreiro" ,"castro  madero"
"carlos  barreto" ,"saraiva  guerreiro" ,"joaquim  nabuco" ,"gilberto  gil"
"flávio  peixoto" ,"teixeira  mendes  " ,"arnaldo  prieto" ,"carlos  galvao" ,"josé  dirceu  " ,"nelson  gomes  teixeira"
"aristides  pereira" ,"euro  brandão" ,"italo  zappa"
"emilio  garrastazu  medici" ,"eunice  weaver" ,"getulio  vargas" ,"heitor  lira" ,"maria  sabina" ,"olavo  bilac" ,"oscar  saraiva" ,"arnoldo  medeiros" ,"joao  menezes" ,"joão  pinheiro" ,"lauro  muller" ,"leda  collor  de  mello" ,"celso  kelly"
"miguel  torga" ,"francisco  negrão  de  lima"
"dinarte  mariz" ,"eurico  " ,"monteiro  de  castro" ,"carneiro  leão" ,"clovis  pestana"
"saraiva  guerreiro" ,"euro  brandão" ,"fernando  costa"
"mário  soares" ,"daniel  tavares" ,"jose  serra" ,"pires  do  rio"
"manoel  gonçalves  ferreira  filho" ,"shigeaki  ueki" ,"alysson  paulinelli"
"paulo  nogueira  batista" ,"ronaldo  sardenberg" ,"geraldo  holanda  cavalcanti" ,"sebastião  do  rego  barros"
"saraiva  guerreiro" ,"sebastião  do  rego  barros" ,"paulo  nogueira  batista" ,"ronaldo  sardenberg" ,"paulo  cabral" ,"geraldo  holanda  cavalcanti" ,"horácio  de  carvalho" ,"jimmy  carter" ,"cyrus  vance"
"raul  barbosa" ,"aristides  pereira"
"cyrus  vance" ,"jimmy  carter"
"josé  costa" ,"costa  cavalcanti"
"costa  cavalcanti" ,"john  reginald  cotrim"
"rubens  ricupero" ,"german  rodriguez  fonnegra"
"roberto  campos" ,"carlos  duarte" ,"cyrus  vance"
"joão  mendes" ,"alysson  paulinelli"
"josé  costa" ,"costa  cavalcanti"
"saraiva  guerreiro" ,"america  do  norte" ,"ramiro  elysio  saraiva  guerreiro"
"saraiva  guerreiro" ,"cyrus  vance" ,"mar  territorial"
"nicanor  costa  mendez" ,"salvador  allende"
"manuel  bandeira" ,"papa  paulo  vi" ,"joao  bosco" ,"joão  pessoa" ,"vicente  scherer" ,"delfim  neto" ,"herbert  levy"
"paulo  cabral" ,"arnaldo  barbalho"
"mar  territorial" ,"danton  jobim" ,"virgílio  távora"
"eurico  " ,"pedro  ii" ,"luiz  viana" ,"luiz  viana  filho" ,"otávio  mangabeira" ,"pandia  calogeras"
"josé  costa" ,"costa  cavalcanti"
"carlos  maximiliano" ,"marcelo  caetano" ,"souza  filho" ,"joão  gomes" ,"joão  gomes  martins  filho" ,"pires  do  rio"
"eurico  " ,"arnaldo  prieto" ,"shigeaki  ueki"
"mar  territorial" ,"aparício  mendez"
"alves  de  souza" ,"eurico  "
"pedro  ii" ,"italo  conti"
"cyrus  vance" ,"paulo  egydio  martins"
"adalberto  pereira  dos  santos" ,"alberto  pereira  dos  santos"
"jorge  ribeiro" ,"richard  nixon"
"alexandre  kafka" ,"frederick  wills"
"rubens  ricupero" ,"álvaro  da  costa  franco"
"barão  do  rio  branco" ,"getulio  vargas"
"paulo  nogueira  batista" ,"shigeaki  ueki" ,"paulo  cabral"
"paulo  cabral" ,"paulo  nogueira  batista"
"paulo  cabral" ,"sebastião  do  rego  barros"
"america  do  norte" ,"getulio  vargas" ,"nelson  rockefeller"
"paulo  nogueira  batista" ,"shigeaki  ueki"
"paulo  de  frontin" ,"costa  cavalcanti"
"castro  madero" ,"cyrus  vance" ,"saraiva  guerreiro" ,"sebastião  do  rego  barros" ,"ronaldo  sardenberg" ,"jimmy  carter"
"josé  dion  de  melo  teles" ,"lucy  geisel" ,"paulo  vieira  belotti"
"celso  lafer" ,"oliveira  lima" ,"gilberto  freyre" ,"wilson  martins"
"castro  alves" ,"dario  castro  alves"
"aparício  mendez" ,"maurício  rangel  reis"
"costa  cavalcanti" ,"cássio  de  paula  freitas" ,"shigeaki  ueki" ,"john  reginald  cotrim" ,"josé  costa"
"joaquim  nabuco" ,"oliveira  viana" ,"pedro  ii" ,"rui  barbosa" ,"alberto  torres" ,"artur  bernardes" ,"getulio  vargas" ,"gilberto  freyre"
"lucy  geisel" ,"carlos  ribeiro" ,"jorge  de  carvalho  e  silva" ,"joão  paulo  dos  reis  velloso" ,"shigeaki  ueki" ,"paulo  nogueira  batista"
"costa  cavalcanti" ,"arnaldo  barbalho" ,"ivan  cannabrava" ,"josé  costa"
"paulo  nogueira  batista" ,"ronaldo  sardenberg" ,"sebastião  do  rego  barros" ,"cyrus  vance"
"castro  alves" ,"eduardo  moreira" ,"saraiva  guerreiro" ,"ramiro  elysio  saraiva  guerreiro"
"paulo  nogueira  batista" ,"ronaldo  sardenberg" ,"carlos  augusto"
"joão  goulart" ,"joão  pessoa" ,"shigeaki  ueki"
"alysson  paulinelli" ,"carlos  ribeiro" ,"josé  lopes" ,"fernando  belfort  bethlem"
"bastos" ,"hélio  de  almeida" ,"paulo  nogueira  batista" ,"carlos  magalhães"
"costa  cavalcanti" ,"saraiva  guerreiro" ,"shigeaki  ueki" ,"john  reginald  cotrim"
"diogo  nomura" ,"afrânio  nabuco" ,"principe  charles"
"samuel  pinheiro  guimarães" ,"jimmy  carter" ,"cyrus  vance"
"ramalho  eanes" ,"carlos  alberto  da  fontoura"
"castro  alves" ,"paulo  egydio  martins" ,"paulo  machado" ,"eduardo  paes" ,"heitor  furtado"
"alberto  de  oliveira" ,"alexandra  de  kent" ,"assis  chateaubriand" ,"princesa  alexandra"
"marcelo  caetano" ,"carlos  galvao"
"castro  alves" ,"paulo  nogueira  batista" ,"paulo  tarso  flecha  de  lima" ,"joão  clemente  baena  soares" ,"paulo  cabral" ,"italo  zappa"
"juan  carlos  blanco" ,"arnaldo  vasconcellos"
"benjamin  constant" ,"miguel  lemos"
"paulo  cabral" ,"roberto  campos" ,"lauro  escorel"
"paulo  vidal" ,"sevilla  sacasa" ,"william  rogers"
"principe  charles" ,"roberto  campos"
"mar  territorial" ,"nicolae  ceausescu" ,"shigeaki  ueki" ,"america  do  norte"
"andré  guimarães" ,"bastos" ,"paulo  nogueira  batista" ,"penha  brasil" ,"pires  do  rio" ,"renato  firmino  maia  de  mendonça  " ,"fonseca  costa"
"getulio  vargas" ,"paulo  cabral"
"nicolae  ceausescu" ,"carlos  ribeiro" ,"darcy  lazaro" ,"adalberto  pereira  dos  santos" ,"alberto  pereira  dos  santos" ,"sara  kubitschek" ,"joão  paulo  dos  reis  velloso"
"juan  carlos  blanco" ,"juan  maria  bordaberry"
"paulo  nogueira  batista" ,"helio  bittencourt" ,"bastos"
"aldo  lins  e  silva" ,"paulo  brossard"
"barão  do  rio  branco" ,"levi  carneiro" ,"humberto  de  campos" ,"pinheiro  machado"
"alysson  paulinelli" ,"shigeaki  ueki"
"euclides  da  cunha" ,"góes  monteiro"
"paulo  cabral" ,"darcy  lazaro" ,"saraiva  guerreiro" ,"italo  zappa"
"vicente  goulart" ,"joão  goulart" ,"joão  vicente  goulart  "
"euclides  triches" ,"victor  faccioni" ,"daniel  krieger"
"carlos  sant'anna" ,"luiz  felipe  lampreia" ,"paulo  cabral" ,"sebastião  do  rego  barros" ,"edson  gueiros  leitão"
"josé  silveira" ,"victor  josé  silveira" ,"alfonso  reyes"
"carlos  chagas" ,"carlos  chagas  filho" ,"josue  montello" ,"marcos  almir  madeira"
"macedo  soares" ,"donatello  grieco"
"eurico  " ,"fonseca  costa" ,"gama  filho" ,"milton  telles  ribeiro" ,"paulo  nogueira  batista" ,"penha  brasil" ,"pires  do  rio" ,"renato  prado  guimarães" ,"jose  viegas" ,"lima  câmara" ,"italo  zappa" ,"carlos  dos  santos" ,"carneiro  leão" ,"costa  rodrigues"
"getulio  vargas" ,"roberto  campos" ,"joaquim  távora"
"costa  ribeiro" ,"antônio  garcia" ,"flexa  ribeiro"
"maurício  rangel  reis" ,"anastasio  somoza"
"andres  peres" ,"diogo  nomura" ,"daniel  krieger" ,"jimmy  carter" ,"leonid  brejnev" ,"macedo  soares" ,"marco  maciel" ,"mário  soares" ,"shigeaki  ueki" ,"william  rogers"
"claudius  ceccon" ,"augusto  pinochet" ,"papa  paulo  vi"
"lucy  geisel" ,"winston  churchill" ,"amália  lucy  geisel"
"amália  lucy  geisel" ,"lucy  geisel" ,"winston  churchill" ,"jorge  ribeiro"
"paulo  egydio  martins" ,"paulo  leão  de  moura"
"marco  maciel" ,"milton  campos"
"lucy  geisel" ,"amália  lucy  geisel" ,"angus  ogilvy" ,"delfim  neto" ,"princesa  alexandra"
"america  do  norte" ,"josé  dion  de  melo  teles"
"adalberto  pereira  dos  santos" ,"alberto  pereira  dos  santos"
"a.  faria" ,"andré  guimarães" ,"café  filho" ,"paulo  egydio  martins" ,"marcelo  caetano" ,"miguel  torga" ,"mário  soares" ,"eurico  " ,"floriano  peixoto" ,"francisco  franco" ,"juscelino  kubitschek"
"alfredo  costa" ,"francisco  pinto"
"igor  torres  carrilho" ,"castro  alves" ,"dario  castro  alves"
"castro  alves" ,"antonio  houaiss"
"amália  lucy  geisel" ,"lucy  geisel"
"costa  cavalcanti" ,"tarcísio  holanda"
"shigeaki  ueki" ,"valery  giscard  d'estaing" ,"yolanda  prada" ,"italo  zappa" ,"alysson  paulinelli" ,"anastasio  somoza" ,"eduardo  victor  haedo" ,"francisco  franco" ,"heitor  de  aquino  ferreira" ,"paz  estenssoro" ,"rafael  caldera" ,"ribeiro  da  costa" ,"costa  rodrigues" ,"craveiro  lopes" ,"daniel  krieger" ,"juan  maria  bordaberry" ,"miguel  aleman" ,"nicolae  ceausescu" ,"olavo  v"
"mário  soares" ,"getulio  vargas"
"fernando  gasparian  " ,"getulio  vargas" ,"mário  soares" ,"joão  goulart" ,"celso  furtado"
"cyrus  vance" ,"jimmy  carter" ,"moreira  lima"
"lúcio  meira" ,"mario  david  andreazza" ,"mário  lemos" ,"orlando  geisel" ,"francisco  negrão  de  lima" ,"saraiva  guerreiro" ,"adalberto  de  barros  nunes" ,"alfredo  buzaid" ,"armando  falcão" ,"josé  costa" ,"joão  paulo  dos  reis  velloso" ,"julio  barata" ,"costa  cavalcanti" ,"dias  leite"
"mário  soares" ,"ramalho  eanes"
"principe  charles" ,"roberto  campos" ,"carlos  duarte" ,"cyrus  vance" ,"shigeaki  ueki" ,"eurico  " ,"lyndon  johnson" ,"macedo  soares" ,"oscar  bloch" ,"anastasio  somoza" ,"arnaldo  prieto" ,"bastos"
"william  rogers" ,"moreira  lima" ,"eduardo  moreira"
"emil  hoffman" ,"america  do  norte"
"costa  cavalcanti" ,"john  reginald  cotrim" ,"josé  costa"
"arnaldo  vasconcellos" ,"paulo  cabral" ,"italo  zappa"
"josé  sette  câmara" ,"haroldo  valadao"
"mar  territorial" ,"cyrus  vance"
"castro  alves" ,"jaime  lerner" ,"jorge  wilheim" ,"joão  paulo  dos  reis  velloso" ,"alberto  silva" ,"mauricio  schulman" ,"miguel  colassuono" ,"elmo  serejo"
"elmo  serejo" ,"cyrus  vance" ,"darcy  lazaro" ,"saraiva  guerreiro" ,"thompson  flores" ,"vieira  de  mello"
"paulo  cabral" ,"arnaldo  barbalho"
"paulo  nogueira  batista" ,"shigeaki  ueki"
"cyrus  vance" ,"jimmy  carter"
"joao  menezes" ,"murilo  badaro"
"hans  daniels" ,"pedro  ii"
"lucy  geisel" ,"luiz  felipe  teixeira  soares" ,"luiz  gonzaga  do  nascimento  e  silva" ,"maurício  rangel  reis" ,"saraiva  guerreiro" ,"shigeaki  ueki" ,"yolanda  prada" ,"carlos  ribeiro" ,"elmo  serejo" ,"euclides  quandt" ,"floriano  peixoto" ,"heitor  furtado" ,"javier  murillo  de  la  rocha" ,"josé  pinto" ,"joão  paulo  dos  reis  velloso" ,"adalberto  pereira  dos  santos" ,"alberto  pereira  dos  santos" ,"alysson  paulinelli"
"jimmy  carter" ,"cyrus  vance"
"carlos  ribeiro" ,"saraiva  guerreiro" ,"shigeaki  ueki" ,"paulo  egydio  martins" ,"maurício  rangel  reis" ,"joão  paulo  dos  reis  velloso" ,"alysson  paulinelli" ,"andré  guimarães" ,"elmo  serejo" ,"euclides  quandt" ,"fernando  belfort  bethlem" ,"floriano  peixoto" ,"heitor  furtado"
"ramalho  eanes" ,"roberto  campos" ,"costa  cavalcanti" ,"cyrus  vance" ,"valery  giscard  d'estaing" ,"jimmy  carter"
"lucy  geisel" ,"luiz  simões  lopes" ,"amália  lucy  geisel"
"cyrus  vance" ,"lauro  escorel"
"paulo  tarso  flecha  de  lima" ,"saraiva  guerreiro"
"herberto  sales" ,"dinah  silveira  de  queiroz"
"jimmy  carter" ,"floriano  peixoto" ,"floriano  peixoto  faria  lima"
"waldir  pires" ,"aristides  pereira" ,"helio  jaguaribe" ,"helio  scarabotolo" ,"joão  mangabeira" ,"mário  soares"
"maurício  rangel  reis" ,"saraiva  guerreiro" ,"shigeaki  ueki" ,"thompson  flores" ,"carlos  ribeiro" ,"cyrus  vance" ,"elmo  serejo" ,"euclides  quandt" ,"fernando  belfort  bethlem" ,"heitor  furtado" ,"jimmy  carter" ,"joão  clemente  baena  soares" ,"joão  paulo  dos  reis  velloso" ,"adalberto  pereira  dos  santos" ,"alberto  pereira  dos  santos" ,"alysson  paulinelli" ,"ariel  pacca  da  fonseca"
"cyrus  vance" ,"jimmy  carter" ,"leonid  brejnev"
"joão  paulo  dos  reis  velloso" ,"mario  garnero"
"ramalho  eanes" ,"santos  dumont"
"ramalho  eanes" ,"aristides  pereira" ,"napoleao  bonaparte"
"castro  alves" ,"cyrus  vance"
"cyrus  vance" ,"ronaldo  sardenberg" ,"jimmy  carter"
"jimmy  carter" ,"cyrus  vance" ,"carlos  augusto"
"santos  dumont" ,"marco  maciel"
"castro  alves" ,"castro  madero"
"castro  alves" ,"mar  territorial"
"lucy  geisel" ,"camilo  teixeira  da  costa" ,"carlos  augusto" ,"carlos  augusto  santos  neves" ,"josé  maria  de  toledo  camargo" ,"joão  paulo  dos  reis  velloso" ,"shigeaki  ueki" ,"carlos  ribeiro" ,"paulo  nogueira  batista" ,"paulo  tarso  flecha  de  lima" ,"pedro  ii" ,"roberto  campos" ,"eduardo  paes" ,"fernandes  távora"
"josé  artur  denot  medeiros" ,"sérgio  armando  frazão"
"marcelo  caetano" ,"augusto  pinochet" ,"joão  costa"
"janio  quadros" ,"marcelo  caetano" ,"franco  nogueira"
"severo  gomes" ,"shigeaki  ueki"
"almino  afonso" ,"darcy  ribeiro"
"juan  carlos  blanco" ,"paulo  vidal" ,"shigeaki  ueki"
"euclides  quandt" ,"augusto  pinochet"
"daniel  krieger" ,"ibrahim  sued"
"celio  borja" ,"renato  machado"
"marcelo  caetano" ,"janio  quadros"
"ibrahim  sued" ,"reis  veloso" ,"shigeaki  ueki" ,"alysson  paulinelli" ,"hugo  abreu"
"gama  filho" ,"shigeaki  ueki" ,"arnaldo  carrilho" ,"luiz  viana"
"ramiro  elysio  saraiva  guerreiro" ,"saraiva  guerreiro" ,"thompson  flores"
"william  rogers" ,"marcelo  caetano" ,"geraldo  holanda  cavalcanti" ,"renato  machado"
"paulo  torres" ,"william  rogers"
"fernando  luz" ,"celio  borja" ,"delfim  neto" ,"aureliano  chaves"
"alysson  paulinelli" ,"bilac  pinto" ,"delfim  neto" ,"severo  gomes"
"shigeaki  ueki" ,"roberto  campos" ,"juscelino  kubitschek" ,"janio  quadros" ,"delfim  neto" ,"alvaro  lins" ,"america  do  norte" ,"aureliano  chaves" ,"bilac  pinto" ,"billy  grahan"
"arnaldo  prieto" ,"aureliano  chaves" ,"billy  grahan" ,"reis  veloso" ,"nei  braga" ,"otavio  gouvea  de  bulhoes"
"roberto  campos" ,"carlos  alberto  da  fontoura" ,"delfim  neto"
"cordeiro  guerra" ,"delfim  neto" ,"manoel  abud" ,"andrade  pinto" ,"euclides  triches" ,"fernando  luz" ,"francisco  pinto"
"costa  e  silva" ,"delfim  neto" ,"william  rogers"
"costa  e  silva" ,"delfim  neto" ,"humberto  barreto" ,"roberto  campos" ,"joão  goulart"
"ibrahim  sued" ,"william  rogers" ,"delfim  neto"
"costa  e  silva" ,"delfim  neto" ,"humberto  barreto"
"francisco  pinto" ,"cordeiro  guerra" ,"thompson  flores" ,"william  rogers" ,"xavier  de  albuquerque" ,"richard  nixon" ,"augusto  pinochet" ,"camilo  calazans"
"reis  veloso" ,"severo  gomes"
"delfim  neto" ,"carlos  alberto  da  fontoura"
"carlos  alberto  da  fontoura" ,"severo  gomes" ,"silvio  frota" ,"william  rogers" ,"janio  quadros" ,"delfim  neto" ,"richard  nixon"
"william  rogers" ,"delfim  neto" ,"ibrahim  sued"
"paulo  cabral" ,"paulo  vidal" ,"salvador  allende" ,"henry  kissinger" ,"aristides  pereira" ,"costa  cavalcanti" ,"costa  e  silva" ,"delfim  neto" ,"sapena  pastor" ,"severo  gomes" ,"macedo  soares"
"samuel  pinheiro  guimarães" ,"almeida  santos"
"carlos  alberto  pereira" ,"mário  soares" ,"papa  paulo  vi" ,"paulo  brossard" ,"jimmy  carter" ,"jose  artigas" ,"joão  batista  pinheiro" ,"joão  goulart" ,"juscelino  kubitschek" ,"paulo  carneiro" ,"rafael  caldera" ,"saraiva  guerreiro" ,"silva  jardim" ,"siqueira  campos" ,"virgílio  távora" ,"carlos  veiga" ,"costa  cavalcanti" ,"darcy  ribeiro"
"carlos  ribeiro" ,"castro  alves" ,"castro  neves" ,"cyrus  vance" ,"dario  castro  alves" ,"luiz  felipe  lampreia" ,"mar  territorial" ,"marcos  freire" ,"paulo  brossard" ,"afonso  pena" ,"alves  de  souza" ,"andres  peres" ,"armando  guedes" ,"barros  barreto" ,"burle  marx" ,"fernando  lyra" ,"fernando  pessoa" ,"geraldo  holanda  cavalcanti" ,"helio  bittencourt" ,"saraiva  guerreiro" ,"shigeaki  ueki" ,"simon  bolivar" ,"vasconcelos  costa" ,"william  rogers" ,"jimmy  carter" ,"john  reginald  cotrim" ,"jorge  ribeiro" ,"joão  cunha" ,"joão  gomes" ,"joão  goulart" ,"joão  pessoa" ,"janio  quadros" ,"paulo  cabral" ,"ramalho  eanes"
"cyrus  vance" ,"jimmy  carter"
"jimmy  carter" ,"joaquim  vespasiano  ramos" ,"joão  cunha" ,"paulo  cabral" ,"paulo  tarso  flecha  de  lima" ,"saldanha  derzi" ,"santos  dumont" ,"adalberto  pereira  dos  santos" ,"alberto  pereira  dos  santos" ,"lucy  geisel" ,"luiz  viana" ,"luiz  viana  filho" ,"mar  territorial" ,"moreira  lima" ,"mario  garnero" ,"nascimento  brito" ,"papa  paulo  vi" ,"paulo  brossard" ,"carlos  chagas" ,"castro  alves" ,"cyrus  vance" ,"eduardo  moreira" ,"euclides  quandt" ,"euler  bentes" ,"francelino  pereira" ,"getulio  vargas" ,"hugo  abreu" ,"shigeaki  ueki" ,"teotonio  vilela" ,"ubirajara  cabral" ,"vasconcelos  torres" ,"virgílio  távora"
"shigeaki  ueki" ,"sérgio  correia  da  costa" ,"william  rogers" ,"yasser  arafat" ,"anastasio  somoza" ,"aureliano  chaves" ,"jimmy  carter" ,"joaquim  vespasiano  ramos" ,"janio  quadros" ,"paulo  carneiro" ,"paulo  egydio  martins" ,"paulo  nogueira  batista" ,"pereira  lima" ,"euler  bentes" ,"getulio  vargas" ,"lucy  geisel" ,"luiz  viana" ,"nascimento  brito" ,"papa  joão  paulo  i" ,"paulo  brossard" ,"carlos  chagas" ,"chagas  freitas" ,"costa  e  silva" ,"cyrus  vance"
"costa  e  silva" ,"dias  leite" ,"virgílio  távora" ,"luiz  viana" ,"paulo  nogueira  batista"
"paulo  cabral" ,"paulo  guerra" ,"prisco  viana" ,"renato  azeredo" ,"ribeiro  da  costa" ,"roberto  simonsen" ,"rui  barbosa" ,"ruth  de  souza  castro" ,"saldanha  derzi" ,"clovis  bevilacqua" ,"daniel  krieger" ,"danton  jobim" ,"dias  leite" ,"italo  conti" ,"italívio  coelho" ,"jarbas  passarinho" ,"josé  camargo" ,"joão  nogueira" ,"joão  paulo  dos  reis  velloso" ,"joão  pedro" ,"joão  pessoa" ,"joão  pinheiro" ,"leite  chaves" ,"adalberto  sena" ,"ademar  de  barros" ,"ademar  de  barros  filho" ,"alexandre  costa" ,"aliomar  baleeiro" ,"alves  de  brito" ,"antônio  alves" ,"antônio  dias  leite" ,"antonio  neder" ,"arnon  de  mello" ,"aureliano  chaves" ,"bilac  pinto" ,"bueno  brandão" ,"luiz  viana" ,"lysâneas  maciel" ,"marcelo  damy" ,"marcos  freire" ,"mauro  benevides" ,"mello  freire" ,"milton  cabral" ,"milton  campos" ,"nelson  carneiro" ,"noel  de  almeida" ,"orestes  quercia" ,"osvaldo  trigueiro" ,"pacheco  de  oliveira" ,"paulino  cicero" ,"paulo  brossard" ,"shigeaki  ueki" ,"tarcisio  delgado" ,"teotonio  vilela" ,"thompson  flores" ,"vasconcelos  torres" ,"virgílio  távora" ,"xavier  de  albuquerque" ,"dinarte  mariz" ,"dirceu  cardoso" ,"domicio  gondim" ,"euclides  triches" ,"eurico  " ,"euvaldo  lodi" ,"evandro  carreira" ,"fernando  reis" ,"geraldo  holanda  cavalcanti" ,"getulio  vargas" ,"gustavo  capanema" ,"henrique  de  la  rocque" ,"humberto  souto"
"hugo  de  oliveira  piva" ,"shigeaki  ueki" ,"america  do  norte" ,"mar  territorial"
"joão  batista  pinheiro" ,"cyrus  vance"
"ronaldo  sardenberg" ,"hugo  abreu"
"henry  kissinger" ,"jimmy  carter"
"paulo  nogueira  batista" ,"saraiva  guerreiro"
"edward  kennedy" ,"jimmy  carter"
"saraiva  guerreiro" ,"sebastião  do  rego  barros" ,"cyrus  vance" ,"geraldo  holanda  cavalcanti" ,"horácio  de  carvalho" ,"paulo  cabral" ,"paulo  nogueira  batista" ,"ronaldo  sardenberg"
"severo  gomes" ,"jimmy  carter" ,"milton  campos" ,"antônio  maciel"
"joão  paulo  dos  reis  velloso" ,"paulo  nogueira  batista" ,"paulo  vieira  belotti" ,"sebastião  do  rego  barros" ,"shigeaki  ueki" ,"edson  gueiros  leitão"
"rafael  mayer" ,"luiz  rafael  mayer"
"macedo  soares" ,"olavo  v" ,"ernani  satiro" ,"gustavo  capanema" ,"paulo  carneiro" ,"carlos  castelo  branco" ,"carlos  macedo" ,"celso  kelly"
"celio  borja" ,"darcy  lazaro" ,"joão  paulo  dos  reis  velloso" ,"paulo  cabral" ,"saraiva  guerreiro" ,"shigeaki  ueki" ,"italo  zappa"
"luiz  rafael  mayer" ,"rafael  mayer"
"castro  alves" ,"dario  castro  alves"
"dias  costa" ,"shigeaki  ueki"
"carlos  chagas" ,"arnaldo  nogueira"
"adalberto  pereira  dos  santos" ,"alberto  pereira  dos  santos" ,"janio  quadros"
"miro  teixeira" ,"nelson  marchezan" ,"paulo  brossard"
"carlos  sant'anna" ,"fernando  reis"
"frederick  wills" ,"candido  aragao"
"ernani  ayrosa  da  silva" ,"geraldo  azevedo  henning"
"saraiva  guerreiro" ,"darcy  lazaro"
"mário  soares" ,"adalberto  pereira  dos  santos" ,"alberto  pereira  dos  santos"
"americo  mourao" ,"fernando  reis" ,"geraldo  holanda  cavalcanti" ,"heitor  de  aquino  ferreira" ,"luiz  felipe  lampreia" ,"virgílio  távora" ,"jorge  ribeiro"
"kurt  politzer" ,"paulo  roberto  krahe"
"pires  do  rio" ,"angelo  calmon  de  sá"
"adalberto  pereira  dos  santos" ,"alberto  pereira  dos  santos" ,"alves  de  souza" ,"armando  falcão" ,"paulo  egydio  martins" ,"paulo  evaristo  arns" ,"carlos  ribeiro" ,"darcy  lazaro" ,"joão  leitão  de  abreu" ,"joão  paulo  dos  reis  velloso" ,"leite  chaves" ,"leitão  de  abreu" ,"shigeaki  ueki" ,"ednardo  d'ávila  mello" ,"elmo  serejo" ,"lucy  geisel" ,"nicolae  ceausescu" ,"paulino  cicero"
"lucy  geisel" ,"luiz  gonzaga  do  nascimento  e  silva" ,"maluly  neto" ,"maurício  rangel  reis" ,"nelson  gomes  teixeira" ,"nicolae  ceausescu" ,"paulino  cicero" ,"carlos  ribeiro" ,"darcy  lazaro" ,"adalberto  pereira  dos  santos" ,"alberto  pereira  dos  santos" ,"alysson  paulinelli" ,"armando  falcão" ,"paulo  egydio  martins" ,"paulo  leão  de  moura" ,"roberto  augusto" ,"ednardo  d'ávila  mello" ,"elmo  serejo" ,"euclides  quandt" ,"jose  mindlin" ,"joão  leitão  de  abreu" ,"leite  chaves" ,"leitão  de  abreu" ,"saraiva  guerreiro"
"shigeaki  ueki" ,"joão  paulo  dos  reis  velloso"
"angelo  calmon  de  sá" ,"carlos  ribeiro" ,"sérgio  armando  frazão"
"saraiva  guerreiro" ,"angelo  calmon  de  sá" ,"paulo  egydio  martins" ,"francisco  de  paula" ,"heitor  furtado"
"castro  alves" ,"angelo  calmon  de  sá"
"miguel  arraes" ,"castro  alves"
"arnaldo  barbalho" ,"severo  gomes"
"severo  gomes" ,"alysson  paulinelli" ,"araken  de  oliveira" ,"paulo  egydio  martins" ,"euclides  quandt" ,"floriano  peixoto" ,"floriano  peixoto  faria  lima"
"valery  giscard  d'estaing" ,"castro  alves"
"carlos  ribeiro" ,"castro  alves" ,"dilermando  gomes  monteiro" ,"saraiva  guerreiro" ,"shigeaki  ueki" ,"silva  ramos" ,"valery  giscard  d'estaing" ,"elmo  serejo" ,"euro  brandão" ,"fernando  belfort  bethlem" ,"heitor  furtado" ,"hilda  faria  lima" ,"josé  pinto" ,"joão  clemente  baena  soares" ,"joão  paulo  dos  reis  velloso" ,"paulo  egydio  martins" ,"paulo  leão  de  moura" ,"pereira  passos" ,"roberto  santos" ,"manoel  gonçalves  ferreira  filho" ,"marcelo  santiago  costa" ,"maurício  rangel  reis" ,"afrânio  de  oliveira" ,"alberto  bins" ,"alysson  paulinelli" ,"andré  guimarães" ,"angelo  calmon  de  sá" ,"ariel  pacca  da  fonseca" ,"bastos"
"antônio  rodrigues" ,"bastos" ,"carlos  augusto" ,"saraiva  guerreiro" ,"valery  giscard  d'estaing" ,"mauro  salles" ,"santos  dumont"
"costa  e  silva" ,"jarbas  passarinho" ,"valery  giscard  d'estaing"
"shigeaki  ueki" ,"maurício  rangel  reis"
"juan  carlos  blanco" ,"juan  maria  bordaberry"
"juan  carlos  blanco" ,"saraiva  guerreiro" ,"darcy  lazaro"
"carlos  manini  rios" ,"carlos  ribeiro" ,"paulo  cabral" ,"adalberto  pereira  dos  santos" ,"alberto  pereira  dos  santos" ,"alysson  paulinelli" ,"aparício  mendez" ,"bilac  pinto" ,"elmo  serejo" ,"euclides  quandt" ,"shigeaki  ueki" ,"thompson  flores" ,"luiz  gonzaga  do  nascimento  e  silva" ,"maurício  rangel  reis" ,"olavo  bilac"
"mário  soares" ,"ramalho  eanes"
"marcelo  caetano" ,"mário  soares"
"machado  de  assis" ,"paulo  cunha" ,"pedro  calmon" ,"raul  leitão  da  cunha" ,"ribeiro  couto" ,"rui  barbosa" ,"sampaio  doria" ,"carlos  de  laet" ,"carlos  gomes" ,"castro  alves" ,"afrânio  coutinho" ,"alceu  de  carvalho" ,"america  do  norte" ,"antenor  nascentes" ,"canrobert  pereira  da  costa" ,"duque  de  caxias" ,"getulio  vargas" ,"josue  montello" ,"josé  de  sá"
"juracy  magalhães" ,"rocha  lagoa" ,"emilio  garrastazu  medici" ,"francisco  de  paula" ,"franco  nogueira"
"oswaldo  cruz" ,"burle  marx"
"antônio  azeredo  da  silveira" ,"mário  soares"
"mário  soares" ,"barbosa  lima  sobrinho"
"mário  soares" ,"ramalho  eanes"
"jimmy  carter" ,"miguel  arraes"
"mário  soares" ,"ramalho  eanes" ,"santos  dumont"
"ramalho  eanes" ,"mário  soares"
"paulo  egydio  martins" ,"ramalho  eanes" ,"elmo  serejo" ,"graca  aranha"
"ramalho  eanes" ,"carlos  alberto  da  fontoura"
"angelo  calmon  de  sá" ,"bastos" ,"mercedes  benz  do  brasil" ,"mário  soares" ,"paulo  cabral" ,"paulo  nogueira  batista" ,"saraiva  guerreiro" ,"álvaro  da  costa  franco" ,"klaus  kinkel"
"paulo  cabral" ,"pires  do  rio"
"paulo  cabral" ,"paulo  nogueira  batista" ,"ari  ribeiro" ,"geraldo  costa" ,"luiz  cláudio  de  almeida  magalhães" ,"shigeaki  ueki"
"sheun  ming  ling" ,"augusto  machado" ,"pratini  de  moraes" ,"carlos  de  almeida" ,"carneiro  leão" ,"mauro  salles" ,"monteiro  de  carvalho" ,"orlando  moscoso" ,"hélio  beltrão" ,"kurt  politzer" ,"gastão  vidigal"
"miguel  arraes" ,"oscar  niemeyer"
"bastos" ,"geraldo  azevedo  henning"
"luiz  rafael  mayer" ,"nelson  hungria" ,"rafael  mayer"
"dirceu  nogueira" ,"euclides  quandt"
"principe  charles" ,"raul  smandeck" ,"roberto  campos"
"franco  nogueira" ,"italo  zappa" ,"marcelo  caetano" ,"alexandre  leal"
"wladimir  murtinho" ,"getulio  vargas"
"elmo  serejo" ,"euclides  quandt" ,"heitor  furtado" ,"saraiva  guerreiro" ,"shigeaki  ueki" ,"alysson  paulinelli" ,"carlos  ribeiro" ,"joão  paulo  dos  reis  velloso"
"josé  monte" ,"saraiva  guerreiro" ,"wladimir  murtinho" ,"paulo  mafra" ,"paulo  tarso  flecha  de  lima" ,"rubens  ricupero" ,"armando  ramos" ,"arnaldo  barbalho"
"floriano  peixoto" ,"floriano  peixoto  faria  lima"
"josé  magalhães" ,"paulo  egydio  martins"
"paulo  egydio  martins" ,"paulo  leão  de  moura" ,"roberto  augusto" ,"saraiva  guerreiro" ,"shigeaki  ueki" ,"joão  paulo  dos  reis  velloso" ,"darcy  lazaro"
"paulo  egydio  martins" ,"paulo  leão  de  moura" ,"joão  paulo  dos  reis  velloso" ,"shigeaki  ueki"
"severo  gomes" ,"sergio  florencio" ,"paulo  tarso  flecha  de  lima"
"paulo  leão  de  moura" ,"darcy  lazaro" ,"andré  guimarães" ,"eduardo  gomes" ,"félix  pacheco" ,"shigeaki  ueki" ,"manoel  gonçalves  ferreira  filho"
"breno  borges  fortes" ,"sapena  pastor"
"pedro  ii" ,"italo  conti"
"juan  carlos  blanco" ,"sapena  pastor" ,"maria  pinheiro" ,"carlos  veiga"
"cordeiro  guerra" ,"joseph  sisco" ,"juan  carlos  blanco" ,"silvio  frota" ,"simon  bolivar" ,"william  rogers" ,"paulo  vidal" ,"renato  machado" ,"floriano  peixoto" ,"floriano  peixoto  faria  lima"
"mário  soares" ,"paulo  tarso  flecha  de  lima" ,"italo  zappa" ,"carlos  alberto  da  fontoura"
"andres  peres" ,"eugênio  sales" ,"fernando  luz" ,"francisco  neves" ,"franklin  delano  roosevelt" ,"juan  carlos  blanco" ,"dilermando  gomes  monteiro" ,"sapena  pastor" ,"saraiva  guerreiro" ,"simon  bolivar" ,"william  rogers" ,"marcelo  caetano" ,"mário  soares" ,"olavo  v" ,"orlando  carbonar" ,"robert  kennedy" ,"roberto  campos" ,"rui  santos" ,"salvador  allende"
"pires  do  rio" ,"raul  fernandes" ,"roberto  silveira" ,"juan  carlos  blanco" ,"levi  carneiro" ,"alexandre  garcia" ,"armando  vidal" ,"eduardo  moreira" ,"geraldo  costa" ,"macedo  soares" ,"maury  gurgel  valente" ,"moreira  lima" ,"castro  alves" ,"costa  cavalcanti" ,"sapena  pastor" ,"alvaro  valle"
"shigeaki  ueki" ,"paulo  nogueira  batista" ,"roberto  campos" ,"jorge  ribeiro" ,"cordeiro  de  farias" ,"hugo  abreu" ,"marco  maciel" ,"paulino  cicero"
"machado  de  assis" ,"paulo  vidal" ,"ramalho  eanes" ,"roberto  campos" ,"ronald  reagan" ,"saldanha  derzi" ,"salvador  allende" ,"santos  dumont" ,"arnaldo  vasconcellos" ,"arnon  de  mello" ,"augusto  pinochet" ,"benjamin  farah" ,"carlos  alberto  pereira" ,"saraiva  guerreiro" ,"william  rogers" ,"dirceu  cardoso" ,"dirceu  nogueira" ,"edward  kennedy" ,"henry  kissinger" ,"juan  carlos  blanco" ,"lauro  muller" ,"carlos  de  meira  mattos" ,"carlos  duarte" ,"costa  cavalcanti"
"mar  territorial" ,"miguel  arraes" ,"paulo  nogueira  batista" ,"paulo  vidal" ,"renato  machado" ,"rubens  vaz" ,"juan  maria  bordaberry" ,"shigeaki  ueki"
"saraiva  guerreiro" ,"severo  gomes" ,"shigeaki  ueki" ,"silvio  santos" ,"valery  giscard  d'estaing" ,"william  rogers" ,"papa  paulo  vi" ,"albert  einstein" ,"castro  alves" ,"dario  castro  alves" ,"delfim  neto" ,"joao  menezes" ,"paulo  lyra" ,"pires  do  rio" ,"roberto  campos" ,"rui  barbosa" ,"donatello  grieco" ,"flexa  ribeiro" ,"francelino  pereira" ,"getulio  vargas"
"flexa  ribeiro" ,"augusto  pinochet" ,"barreto  leite" ,"barreto  leite  filho" ,"severo  gomes" ,"silvio  frota" ,"silvio  santos" ,"valery  giscard  d'estaing" ,"mar  territorial" ,"paulo  nogueira  batista" ,"roberto  campos" ,"roberto  marinho" ,"ronald  reagan" ,"salvador  allende" ,"castro  alves" ,"costa  e  silva" ,"camara  cascudo" ,"delfim  neto" ,"joseph  sisco" ,"joão  goulart" ,"janio  quadros"
"jorge  ribeiro" ,"carlos  garcia" ,"moreira  lima"
"severo  gomes" ,"arnaldo  prieto" ,"reis  veloso"
"paulo  cabral" ,"delfim  neto"
"costa  e  silva" ,"celio  borja" ,"delfim  neto" ,"shigeaki  ueki" ,"humberto  barreto" ,"marcos  freire" ,"paulo  cabral" ,"joão  paulo  dos  reis  velloso" ,"alysson  paulinelli"
"geraldo  costa" ,"celio  borja" ,"lucas  mendes"
"henry  kissinger" ,"castro  alves"
"carlos  figueiredo" ,"jimmy  carter" ,"john  kennedy" ,"carlos  alberto  pereira" ,"severo  gomes" ,"mário  soares" ,"richard  nixon"
"paulo  cabral" ,"celio  borja" ,"jimmy  carter" ,"geraldo  holanda  cavalcanti" ,"henry  kissinger"
"daniel  krieger" ,"delfim  neto" ,"aureliano  chaves" ,"reis  veloso" ,"roberto  campos" ,"joão  paulo  dos  reis  velloso" ,"lucy  geisel" ,"luiz  felipe  lampreia" ,"moreira  lima" ,"severo  gomes" ,"shigeaki  ueki"
"shigeaki  ueki" ,"teotonio  vilela" ,"voltaire" ,"walter  link" ,"william  rogers" ,"alysson  paulinelli" ,"aristides  pereira" ,"benjamin  constant" ,"carlos  alberto  pereira" ,"geraldo  holanda  cavalcanti" ,"costa  e  silva" ,"candido  portinari" ,"daniel  krieger" ,"delfim  neto" ,"lucy  geisel" ,"orestes  quercia" ,"papa  paulo  vi" ,"paulo  cabral" ,"paulo  romano" ,"paulo  vidal" ,"paulo  vieira  belotti" ,"rainha  elizabeth  ii" ,"ramalho  eanes" ,"roberto  campos" ,"ronald  reagan" ,"joão  batista  pinheiro" ,"joão  paulo  dos  reis  velloso" ,"juan  carlos  blanco"
"leonid  brejnev" ,"eisaku  sato" ,"america  do  norte" ,"paulo  vieira  belotti"
"paulo  cabral" ,"paulo  tarso  flecha  de  lima" ,"paulo  vidal" ,"ramalho  eanes" ,"ronald  reagan" ,"haroldo  holanda" ,"helio  bittencourt" ,"severo  gomes" ,"shigeaki  ueki" ,"helio  scarabotolo" ,"imperatriz  nagako" ,"jimmy  carter" ,"lafayette  de  andrada" ,"alexandre  garcia" ,"ari  ribeiro" ,"carlos  augusto" ,"carlos  augusto  santos  neves" ,"castro  madero" ,"chou  en  lai" ,"marcelo  caetano"
"luiz  viana" ,"luiz  viana  filho" ,"moacir  barcelos  potiguara" ,"moreira  lima" ,"nascimento  brito" ,"paulo  brossard" ,"saraiva  guerreiro" ,"valery  giscard  d'estaing" ,"walter  clark" ,"william  rogers" ,"italo  zappa" ,"paulo  cabral" ,"paulo  egydio  martins" ,"paulo  nogueira  batista" ,"paulo  silva" ,"ramalho  eanes" ,"ramos  de  azevedo" ,"reis  veloso" ,"roberto  campos" ,"roberto  marinho" ,"rodrigues  neto" ,"ronald  reagan" ,"dirceu  cardoso" ,"eurico  " ,"ferreira  neto" ,"francelino  pereira" ,"geraldo  azevedo  henning" ,"carlos  costa" ,"castro  alves" ,"castro  neves" ,"costa  cavalcanti" ,"cyrus  vance" ,"danton  jobim" ,"dario  castro  alves" ,"delfim  neto" ,"helio  scarabotolo" ,"ibrahim  sued" ,"jarbas  passarinho" ,"jimmy  carter" ,"john  kennedy" ,"jorge  de  carvalho  e  silva" ,"carlos  augusto"
"amália  lucy  geisel" ,"andres  peres" ,"pedro  ii" ,"principe  charles" ,"ramalho  eanes" ,"lucy  geisel" ,"mar  territorial" ,"edward  kennedy" ,"frederick  wills" ,"costa  cavalcanti"
"cyrus  vance" ,"alencar  furtado" ,"thompson  flores" ,"ulysses  guimarães" ,"alvaro  valle" ,"eurico  " ,"fernando  reis" ,"orestes  quercia"
"marcos  freire" ,"paulo  brossard" ,"alencar  furtado" ,"almino  afonso" ,"carlos  perez"
"cyrus  vance" ,"moreira  lima"
"macedo  soares" ,"nelson  carneiro" ,"castro  alves" ,"dario  castro  alves" ,"ramalho  eanes" ,"barão  do  rio  branco" ,"francelino  pereira" ,"jimmy  carter" ,"joão  goulart" ,"juan  carlos  blanco" ,"álvaro  da  costa  franco"
"saraiva  guerreiro" ,"mar  territorial" ,"nei  braga" ,"costa  cavalcanti" ,"arnaldo  carrilho" ,"bastos" ,"francelino  pereira" ,"frederick  wills"
"eurico  " ,"harry  stone" ,"hugo  napoleão" ,"mario  garnero" ,"nelson  carneiro" ,"pinto  de  moura" ,"principe  charles" ,"ramalho  eanes" ,"saldanha  derzi" ,"saraiva  guerreiro" ,"severo  gomes" ,"shigeaki  ueki" ,"virgílio  távora" ,"alexandre  costa" ,"andré  guimarães" ,"angelo  calmon  de  sá" ,"jorge  ribeiro" ,"laudo  natel  " ,"leite  chaves" ,"carlos  barreto" ,"castro  alves" ,"costa  cavalcanti"
"castro  alves" ,"costa  cavalcanti" ,"costa  e  silva" ,"cyrus  vance" ,"dario  castro  alves" ,"ramalho  eanes" ,"euler  bentes" ,"euler  bentes  monteiro" ,"francelino  pereira" ,"francisco  dornelles" ,"gomes  pereira" ,"lucy  geisel" ,"mar  territorial" ,"jimmy  carter" ,"jorge  ribeiro" ,"ulysses  guimarães" ,"amália  lucy  geisel" ,"aristides  pereira" ,"arnaldo  prieto"
"adalberto  pereira  dos  santos" ,"alberto  pereira  dos  santos" ,"anastasio  somoza" ,"angelo  calmon  de  sá" ,"euler  bentes" ,"fernando  belfort  bethlem" ,"humberto  barreto" ,"castro  alves" ,"chagas  freitas" ,"dario  castro  alves" ,"paulo  evaristo  arns" ,"vicente  scherer" ,"papa  joão  paulo  i" ,"joão  goulart"
"jimmy  carter" ,"jorge  ribeiro" ,"laudo  natel  " ,"leitão  de  abreu" ,"lorenzo  fernandes" ,"carlos  santana" ,"castro  alves" ,"darcy  ribeiro" ,"dario  castro  alves" ,"dias  costa" ,"alexandre  garcia" ,"armando  falcão" ,"aureliano  chaves" ,"carlos  alberto  da  fontoura" ,"dinarte  mariz" ,"eduardo  moreira" ,"gregorio  bezerra" ,"miguel  colassuono" ,"mirian  leitão" ,"moreira  lima" ,"papa  joão  paulo  i" ,"paulo  nogueira  batista" ,"ramalho  eanes" ,"roberto  campos" ,"ruth  escobar" ,"severo  gomes"
"amália  lucy  geisel" ,"lucy  geisel"
"oscar  niemeyer" ,"candido  portinari" ,"rainha  elizabeth  ii"
"paulo  nogueira  batista" ,"shigeaki  ueki"
"lucy  geisel" ,"amália  lucy  geisel"
"shigeaki  ueki" ,"valery  giscard  d'estaing" ,"joão  paulo  dos  reis  velloso"
"alexandra  de  kent" ,"princesa  alexandra" ,"rainha  elizabeth  ii" ,"michael  ramsey" ,"costa  e  silva"
"shigeaki  ueki" ,"reis  veloso"
"rui  barbosa" ,"alysson  paulinelli" ,"andrade  pinto" ,"arnaldo  barbalho" ,"joão  pessoa" ,"severo  gomes" ,"dirceu  nogueira" ,"euclides  quandt" ,"fernando  fontoura"
"alexandra  de  kent" ,"angus  ogilvy" ,"burle  marx" ,"princesa  alexandra"
"princesa  alexandra" ,"principe  charles" ,"principe  philip" ,"rainha  elizabeth  ii" ,"angus  ogilvy" ,"valery  giscard  d'estaing" ,"winston  churchill"
"lucy  geisel" ,"amália  lucy  geisel" ,"imperatriz  nagako"
"joão  paulo  dos  reis  velloso" ,"kuniyoshi  date" ,"italo  zappa" ,"geraldo  holanda  cavalcanti"
"shigeaki  ueki" ,"virgílio  távora"
"hisanaga  shimazu" ,"kuniyoshi  date"
"paulo  vieira  belotti" ,"severo  gomes"
"juan  maria  bordaberry" ,"lucy  geisel"
"lucy  geisel" ,"aparício  mendez"
"americo  mourao" ,"lucy  geisel" ,"paulo  nogueira  batista"
"virgílio  távora" ,"jorge  de  carvalho  e  silva"
"joão  paulo  dos  reis  velloso" ,"reis  veloso" ,"shigeaki  ueki"
